<?xml version="1.0" encoding="ascii"?>
<history><client name="pkg" version="1.122.2-56.2852"><args><arg><![CDATA[/export/home/java_re/BUILD_AREA/workspace/gf-4.0-branch-build-weekly/pkg-toolkit-sunos-sparc/pkg/bin/client.py]]></arg><arg><![CDATA[install]]></arg><arg><![CDATA[shoal]]></arg></args></client><operation end_time="20130515T042152Z" name="install" result="Succeeded" start_time="20130515T042151Z" userid="143" username="java_re"><start_state><![CDATA[UNEVALUATED:
+pkg:/shoal@1.6.18,0-0:20130515T032604Z
]]></start_state><end_state><![CDATA[None -> pkg:/shoal@1.6.18,0-0:20130515T032604Z
]]></end_state></operation></history>