<?xml version="1.0" encoding="ascii"?>
<history><client name="pkg" version="1.122.2-56.2852"><args><arg><![CDATA[/export/home/java_re/BUILD_AREA/workspace/gf-4.0-branch-build-weekly/pkg-toolkit-sunos-sparc/pkg/bin/client.py]]></arg><arg><![CDATA[install]]></arg><arg><![CDATA[felix]]></arg></args></client><operation end_time="20130515T042143Z" name="install" result="Succeeded" start_time="20130515T042143Z" userid="143" username="java_re"><start_state><![CDATA[UNEVALUATED:
+pkg:/felix@4.0.2,0-0:20130515T035819Z
]]></start_state><end_state><![CDATA[None -> pkg:/felix@4.0.2,0-0:20130515T035819Z
]]></end_state></operation></history>