<?xml version="1.0" encoding="ascii"?>
<history><client name="pkg" version="1.122.2-56.2852"><args><arg><![CDATA[/export/home/java_re/BUILD_AREA/workspace/gf-4.0-branch-build-weekly/pkg-toolkit-sunos-sparc/pkg/bin/client.py]]></arg><arg><![CDATA[set-authority]]></arg><arg><![CDATA[-O]]></arg><arg><![CDATA[http://pkg.glassfish.org/4/native/release/]]></arg><arg><![CDATA[release.native.glassfish.org]]></arg></args></client><operation end_time="20130515T042142Z" name="add-publisher" result="Succeeded" start_time="20130515T042142Z" userid="143" username="java_re"/></history>