<?xml version="1.0" encoding="ascii"?>
<history><client name="pkg" version="1.122.2-56.2852"><args><arg><![CDATA[/export/home/java_re/BUILD_AREA/workspace/gf-4.0-branch-build-weekly/pkg-toolkit-sunos-sparc/pkg/bin/client.py]]></arg><arg><![CDATA[install]]></arg><arg><![CDATA[glassfish-corba-base]]></arg></args></client><operation end_time="20130515T042156Z" name="install" result="Nothing to do" start_time="20130515T042156Z" userid="143" username="java_re"><start_state><![CDATA[UNEVALUATED:
]]></start_state></operation></history>