<?xml version="1.0" encoding="ascii"?>
<history><client name="pkg" version="1.122.2-56.2852"><args><arg><![CDATA[/export/home/java_re/BUILD_AREA/workspace/gf-4.0-branch-build-weekly/pkg-toolkit-sunos-sparc/pkg/bin/client.py]]></arg><arg><![CDATA[set-authority]]></arg><arg><![CDATA[-P]]></arg><arg><![CDATA[-O]]></arg><arg><![CDATA[http://localhost:16500/]]></arg><arg><![CDATA[release.glassfish.org]]></arg></args></client><operation end_time="20130515T042141Z" name="update-publisher" result="Succeeded" start_time="20130515T042141Z" userid="143" username="java_re"/></history>